ΑΒΕΡΚΙΟΣ                      ,M
ΑΒΡΑΑΜ                        ,M
ΑΓΑΘΗ                         ,F
ΑΓΑΘΟΚΛΗΣ                     ,M
ΑΓΑΘΟΝΙΚΗ                     ,F
ΑΓΑΘΟΥΛΑ                      ,F
ΑΓΑΜΕΜΝΩΝ                     ,M
ΑΓΑΠΗ                         ,F
ΑΓΑΠΙΟΣ                       ,M
ΑΓΓΕΛΑ                        ,F
ΑΓΓΕΛΗΣ                       ,M
ΑΓΓΕΛΙΚΗ                      ,F
ΑΓΓΕΛΙΚΟΥΛΑ                   ,F
ΑΓΓΕΛΙΝΑ                      ,F
ΑΓΓΕΛΟΣ                       ,M
ΑΓΗΣΙΛΑΟΣ                     ,M
ΑΓΛΑΪΑ                        ,F
ΑΓΝΗ                          ,F
ΑΓΟΡΑΣΤΗ                      ,F
ΑΓΟΡΗ                         ,F
ΑΓΟΡΙΤΣΑ                      ,F
ΑΓΟΡΟΥΛΑ                      ,F
ΑΔΑΜ                          ,M
ΑΔΕΛΑΪΔΑ                      ,F
ΑΔΡΙΑΝΟΣ                      ,M
ΑΘΑΝΑΣΙΑ                      ,F
ΑΘΑΝΑΣΙΟΣ                     ,M
ΑΘΗΝΑ                         ,F
ΑΘΗΝΟΔΩΡΟΣ                    ,M
ΑΘΗΝΟΥΛΑ                      ,F
ΑΙΓΛΗ                         ,F
ΑΙΚΑΤΕΡΙΝΑ                    ,F
ΑΙΚΑΤΕΡΙΝΗ                    ,F
ΑΙΜΙΛΙΑ                       ,F
ΑΙΜΙΛΙΟΣ                      ,M
ΑΚΡΙΒΗ                        ,F
ΑΚΡΙΒΟΥΛΑ                     ,F
ΑΛΒΕΡΤΟΣ                      ,M
ΑΛΕΚΑ                         ,F
ΑΛΕΞΑΝΔΡΑ                     ,F
ΑΛΕΞΑΝΔΡΟΣ                    ,M
ΑΛΕΞΙΑ                        ,F
ΑΛΕΞΙΟΣ                       ,M
ΑΛΙΚΗ                         ,F
ΑΛΚΗΣ                         ,M
ΑΛΚΗΣΤΙΣ                      ,F
ΑΛΚΙΒΙΑΔΗΣ                    ,M
ΑΛΚΙΝΟΗ                       ,F
ΑΛΚΙΝΟΟΣ                      ,M
ΑΛΚΙΣΤΗ                       ,F
ΑΛΚΜΗΝΗ                       ,F
ΑΛΤΑΝΗ                        ,F
ΑΜΑΛΙΑ                        ,F
ΑΜΑΡΥΛΛΙΣ                     ,F
ΑΜΥΓΔΑΛΙΑ                     ,F
ΑΜΦΙΤΡΙΤΗ                     ,F
ΑΝΑΡΓΥΡΟΣ                     ,M
ΑΝΑΣΤΑ                        ,F
ΑΝΑΣΤΑΣΙΑ                     ,F
ΑΝΑΣΤΑΣΙΟΣ                    ,M
ΑΝΑΤΟΛΗ                       ,F
ΑΝΔΡΕΑΝΑ                      ,F
ΑΝΔΡΕΑΝΝΑ                     ,F
ΑΝΔΡΕΑΣ                       ,M
ΑΝΔΡΙΑΝΑ                      ,F
ΑΝΔΡΙΑΝΗ                      ,F
ΑΝΔΡΙΑΝΝΑ                     ,F
ΑΝΔΡΙΑΝΟΣ                     ,M
ΑΝΔΡΟΚΛΗΣ                     ,M
ΑΝΔΡΟΜΑΧΗ                     ,F
ΑΝΔΡΟΝΙΚΗ                     ,F
ΑΝΔΡΟΝΙΚΟΣ                    ,M
ΑΝΔΡΟΥΛΑ                      ,F
ΑΝΕΖΑ                         ,F
ΑΝΕΣΤΗΣ                       ,M
ΑΝΕΤΑ                         ,F
ΑΝΘΗ                          ,F
ΑΝΘΙΑ                         ,F
ΑΝΘΙΜΟΣ                       ,M
ΑΝΘΙΠΠΗ                       ,F
ΑΝΘΟΥΛΑ                       ,F
ΑΝΙΤΑ                         ,F
ΑΝΝΑ                          ,F
ΑΝΝΕΤΑ                        ,F
ΑΝΝΗ                          ,F
ΑΝΝΙΤΑ                        ,F
ΑΝΤΖΕΛΑ                       ,F
ΑΝΤΙΓΟΝΗ                      ,F
ΑΝΤΙΟΠΗ                       ,F
ΑΝΤΡΕΑ                        ,F
ΑΝΤΡΙΑΝΑ                      ,F
ΑΝΤΩΝΙΑ                       ,F
ΑΝΤΩΝΙΝΑ                      ,F
ΑΝΤΩΝΙΟΣ                      ,M
ΑΝΥΣΙΑ                        ,F
ΑΠΟΛΛΩΝ                       ,M
ΑΠΟΣΤΟΛΙΑ                     ,F
ΑΠΟΣΤΟΛΙΝΑ                    ,F
ΑΠΟΣΤΟΛΟΣ                     ,M
ΑΡΓΥΡΗ                        ,F
ΑΡΓΥΡΙΑ                       ,F
ΑΡΓΥΡΙΟΣ                      ,M
ΑΡΓΥΡΟΥΛΑ                     ,F
ΑΡΓΥΡΩ                        ,F
ΑΡΕΤΗ                         ,F
ΑΡΗΣ                          ,M
ΑΡΙΑΔΝΗ                       ,F
ΑΡΙΑΝ                         ,M
ΑΡΙΣΤΕΑ                       ,F
ΑΡΙΣΤΕΙΔΗΣ                    ,M
ΑΡΙΣΤΗ                        ,F
ΑΡΙΣΤΟΓΕΙΤΩΝ                  ,M
ΑΡΙΣΤΟΜΕΝΗΣ                   ,M
ΑΡΙΣΤΟΣ                       ,M
ΑΡΙΣΤΟΤΕΛΗΣ                   ,M
ΑΡΙΣΤΟΥΛΑ                     ,F
ΑΡΙΣΤΟΦΑΝΗΣ                   ,M
ΑΡΣΕΝΙΑ                       ,F
ΑΡΣΕΝΙΟΣ                      ,M
ΑΡΣΙΝΟΗ                       ,F
ΑΡΤΕΜΗΣΙΑ                     ,F
ΑΡΤΕΜΙΟΣ                      ,M
ΑΡΤΕΜΙΣ                       ,F
ΑΡΧΙΜΗΔΗΣ                     ,M
ΑΡΧΟΝΤΗ                       ,F
ΑΡΧΟΝΤΙΑ                      ,F
ΑΡΧΟΝΤΙΣΣΑ                    ,F
ΑΡΧΟΝΤΟΥΛΑ                    ,F
ΑΡΧΟΝΤΩ                       ,F
ΑΣΗΜΑΚΗΣ                      ,M
ΑΣΗΜΕΝΗ                       ,F
ΑΣΗΜΕΝΙΑ                      ,F
ΑΣΗΜΙΝΑ                       ,F
ΑΣΗΜΟΥΛΑ                      ,F
ΑΣΗΜΩ                         ,F
ΑΣΠΑΣΙΑ                       ,F
ΑΣΤΕΡΙΑ                       ,F
ΑΣΤΕΡΙΟΣ                      ,M
ΑΣΤΕΡΩ                        ,F
ΑΣΤΡΙΝΙΑ                      ,F
ΑΣΤΡΙΝΟΣ                      ,M
ΑΤΑΛΑΝΤΗ                      ,F
ΑΥΓΕΡΙΝΟΣ                     ,M
ΑΥΓΗ                          ,F
ΑΥΓΟΥΣΤΙΝΑ                    ,F
ΑΥΓΟΥΣΤΙΝΗ                    ,F
ΑΥΓΟΥΣΤΙΝΟΣ                   ,M
ΑΥΡΑ                          ,F
ΑΦΕΝΔΡΑ                       ,F
ΑΦΕΝΤΟΥΛΑ                     ,F
ΑΦΘΟΝΙΑ                       ,F
ΑΦΡΟΔΙΤΗ                      ,F
ΑΧΙΛΛΕΑΣ                      ,M
ΑΧΜΕΤ                         ,M
ΒΑΓΙΑ                         ,F
ΒΑΓΙΟΥΛΑ                      ,F
ΒΑΪΑ                          ,F
ΒΑΪΟΣ                         ,M
ΒΑΪΤΣΑ                        ,F
ΒΑΚΙΝΑ                        ,F
ΒΑΛΑΝΤΗΣ                      ,M
ΒΑΛΑΣΙΑ                       ,F
ΒΑΛΕΝΤΙΝΑ                     ,F
ΒΑΛΕΝΤΙΝΗ                     ,F
ΒΑΛΕΝΤΙΝΟΣ                    ,M
ΒΑΛΣΑΜΗΣ                      ,M
ΒΑΡΒΑΡΑ                       ,F
ΒΑΣΙΛΕΙΑ                      ,F
ΒΑΣΙΛΕΙΟΣ                     ,M
ΒΑΣΙΛΙΚΗ                      ,F
ΒΑΣΟΥΛΑ                       ,F
ΒΑΣΩ                          ,F
ΒΕΑΤΡΙΚΗ                      ,F
ΒΕΛΙΣΣΑΡΙΑ                    ,F
ΒΕΛΙΣΣΑΡΙΟΣ                   ,M
ΒΕΛΟΥΔΩ                       ,F
ΒΕΝΕΤΑ                        ,F
ΒΕΝΕΤΙΑ                       ,F
ΒΕΝΕΤΤΑ                       ,F
ΒΕΝΙΑΜΙΝ                      ,M
ΒΕΡΑ                          ,F
ΒΕΡΓΟΣ                        ,M
ΒΕΡΟΝΙΚΑ                      ,F
ΒΕΡΟΝΙΚΗ                      ,F
ΒΗΘΛΕΕΜ                       ,F
ΒΗΣΣΑΡΙΑ                      ,F
ΒΗΣΣΑΡΙΟΣ                     ,M
ΒΗΣΣΑΡΙΩΝ                     ,M
ΒΙΚΕΝΤΙΑ                      ,F
ΒΙΚΤΩΡ                        ,M
ΒΙΚΤΩΡΙΑ                      ,F
ΒΙΚΥ                          ,F
ΒΙΛΕΛΜΙΝΗ                     ,F
ΒΙΟΛΕΤΤΑ                      ,F
ΒΙΡΓΙΝΙΑ                      ,F
ΒΛΑΔΙΜΗΡΟΣ                    ,M
ΒΛΑΣΙΑ                        ,F
ΒΛΑΣΙΟΣ                       ,M
ΒΥΡΩΝ                         ,M
ΓΑΒΡΙΗΛ                       ,M
ΓΑΛΑΤΕΙΑ                      ,F
ΓΑΛΗΝΗ                        ,F
ΓΑΡΟΥΦΑΛΙΑ                    ,F
ΓΑΡΥΦΑΛΙΑ                     ,F
ΓΑΡΥΦΑΛΛΙΑ                    ,F
ΓΕΝΟΒΕΦΑ                      ,F
ΓΕΡΑΚΙΝΑ                      ,F
ΓΕΡΑΣΙΜΗ                      ,F
ΓΕΡΑΣΙΜΙΑ                     ,F
ΓΕΡΑΣΙΜΙΝΑ                    ,F
ΓΕΡΑΣΙΜΟΣ                     ,M
ΓΕΡΑΣΙΜΟΥΛΑ                   ,F
ΓΕΣΘΗΜΑΝΗ                     ,F
ΓΕΩΡΓΙΑ                       ,F
ΓΕΩΡΓΙΟΣ                      ,M
ΓΙΑΣΕΜΗ                       ,F
ΓΙΟΛΑΝΤΑ                      ,F
ΓΙΟΥΛΑ                        ,F
ΓΚΟΛΦΩ                        ,F
ΓΛΥΚΕΡΙΑ                      ,F
ΓΟΥΛΙΕΛΜΟΣ                    ,M
ΓΡΑΜΜΑΤΗ                      ,F
ΓΡΑΜΜΑΤΙΑ                     ,F
ΓΡΑΜΜΑΤΙΚΗ                    ,F
ΓΡΑΜΜΑΤΟΥΛΑ                   ,F
ΓΡΗΓΟΡΙΑ                      ,F
ΓΡΗΓΟΡΙΟΣ                     ,M
ΔΑΜΙΑΝΟΣ                      ,M
ΔΑΝΑΗ                         ,F
ΔΑΝΙΕΛΑ                       ,F
ΔΑΝΙΗΛ                        ,M
ΔΑΥΪΔ                         ,M
ΔΑΦΝΗ                         ,F
ΔΕΣΠΟΙΝΑ                      ,F
ΔΕΣΠΩ                         ,F
ΔΗΜΗΤΡΑ                       ,F
ΔΗΜΗΤΡΙΑ                      ,F
ΔΗΜΗΤΡΙΟΣ                     ,M
ΔΗΜΟΚΡΙΤΟΣ                    ,M
ΔΗΜΟΣ                         ,M
ΔΗΜΟΥΛΑ                       ,F
ΔΙΑΛΕΚΤΗ                      ,F
ΔΙΑΛΕΧΤΗ                      ,F
ΔΙΑΜΑΝΤΗ                      ,F
ΔΙΑΜΑΝΤΗΣ                     ,M
ΔΙΑΜΑΝΤΙΝΑ                    ,F
ΔΙΑΜΑΝΤΟΥΛΑ                   ,F
ΔΙΑΜΑΝΤΩ                      ,F
ΔΙΑΝΑ                         ,F
ΔΙΚΑΙΑ                        ,F
ΔΙΟΓΕΝΗΣ                      ,M
ΔΙΟΜΗ                         ,F
ΔΙΟΝΥΣΙΑ                      ,F
ΔΙΟΝΥΣΙΟΣ                     ,M
ΔΟΜΗΝΙΚΗ                      ,F
ΔΟΜΝΑ                         ,F
ΔΟΜΝΙΚΗ                       ,F
ΔΟΝΑΤΟΣ                       ,M
ΔΟΞΑ                          ,F
ΔΟΥΚΙΣΣΑ                      ,F
ΔΡΟΣΙΑ                        ,F
ΔΡΟΣΟΣ                        ,M
ΔΡΟΣΟΥΛΑ                      ,F
ΔΩΡΟΘΕΑ                       ,F
ΕΔΟΥΑΡΔΟΣ                     ,M
ΕΙΡΗΝΑΙΟΣ                     ,M
ΕΙΡΗΝΗ                        ,F
ΕΚΤΩΡ                         ,M
ΕΛΒΙΡΑ                        ,F
ΕΛΕΑΝΑ                        ,F
ΕΛΕΑΝΝΑ                       ,F
ΕΛΕΝΑ                         ,F
ΕΛΕΝΗ                         ,F
ΕΛΕΟΝΩΡΑ                      ,F
ΕΛΕΥΘΕΡΙΑ                     ,F
ΕΛΕΥΘΕΡΙΟΣ                    ,M
ΕΛΕΩΝΟΡΑ                      ,F
ΕΛΙΑ                          ,F
ΕΛΙΖΑ                         ,F
ΕΛΙΝΑ                         ,F
ΕΛΙΣΑΒΕΤ                      ,F
ΕΛΙΣΣΑΙΟΣ                     ,M
ΕΛΛΑΔΑ                        ,F
ΕΛΛΗ                          ,F
ΕΛΠΙΔΑ                        ,F
ΕΛΠΙΝΙΚΗ                      ,F
ΕΜΜΑΝΟΥΕΛΑ                    ,F
ΕΜΜΑΝΟΥΗΛ                     ,M
ΕΜΜΕΛΕΙΑ                      ,F
ΕΜΟΡΦΙΑ                       ,F
ΕΜΟΡΦΙΛΗ                      ,F
ΕΠΑΜΕΙΝΩΝΔΑΣ                  ,M
ΕΠΙΣΤΗΜΗ                      ,F
ΕΡΑΣΜΙΑ                       ,F
ΕΡΑΤΩ                         ,F
ΕΡΗ                           ,F
ΕΡΙΦΙΛΗ                       ,F
ΕΡΙΦΥΛΗ                       ,F
ΕΡΙΦΥΛΛΗ                      ,F
ΕΡΜΙΝΑ                        ,F
ΕΡΜΙΟΝΗ                       ,F
ΕΡΜΟΛΑΟΣ                      ,M
ΕΡΡΙΚΑ                        ,F
ΕΡΡΙΚΟΣ                       ,M
ΕΡΣΗ                          ,F
ΕΡΩΦΙΛΗ                       ,F
ΕΥΑ                           ,F
ΕΥΑΓΓΕΛΗ                      ,F
ΕΥΑΓΓΕΛΙΑ                     ,F
ΕΥΑΓΓΕΛΟΣ                     ,M
ΕΥΑΝΘΙΑ                       ,F
ΕΥΒΟΙΑ                        ,F
ΕΥΓΕΝΙΑ                       ,F
ΕΥΓΕΝΙΟΣ                      ,M
ΕΥΔΟΚΙΑ                       ,F
ΕΥΔΟΞΙΑ                       ,F
ΕΥΔΟΞΙΟΣ                      ,M
ΕΥΘΑΛΕΙΑ                      ,F
ΕΥΘΑΛΙΑ                       ,F
ΕΥΘΥΜΙΑ                       ,F
ΕΥΘΥΜΙΟΣ                      ,M
ΕΥΚΛΕΙΑ                       ,F
ΕΥΛΑΒΙΑ                       ,F
ΕΥΛΑΛΙΑ                       ,F
ΕΥΛΑΜΠΙΑ                      ,F
ΕΥΜΟΡΦΙΑ                      ,F
ΕΥΜΟΡΦΙΛΗ                     ,F
ΕΥΠΡΑΞΙΑ                      ,F
ΕΥΡΙΔΙΚΗ                      ,F
ΕΥΡΙΚΛΕΙΑ                     ,F
ΕΥΡΙΠΙΔΗΣ                     ,M
ΕΥΡΥΔΙΚΗ                      ,F
ΕΥΡΥΚΛΕΙΑ                     ,F
ΕΥΡΩΠΗ                        ,F
ΕΥΣΕΒΕΙΑ                      ,F
ΕΥΣΕΒΙΑ                       ,F
ΕΥΣΤΑΘΙΑ                      ,F
ΕΥΣΤΑΘΙΟΣ                     ,M
ΕΥΣΤΡΑΤΙΑ                     ,F
ΕΥΣΤΡΑΤΙΟΣ                    ,M
ΕΥΤΕΡΠΗ                       ,F
ΕΥΤΥΧΙΑ                       ,F
ΕΥΤΥΧΙΟΣ                      ,M
ΕΥΦΗΜΙΑ                       ,F
ΕΥΦΡΑΞΙΑ                      ,F
ΕΥΦΡΟΣΥΝΗ                     ,F
ΕΥΧΑΡΙΣ                       ,F
ΕΦΗ                           ,F
ΖΑΪΡΑ                         ,F
ΖΑΚΕΛΙΝΑ                      ,F
ΖΑΚΛΙΝ                        ,F
ΖΑΜΠΕΤΑ                       ,F
ΖΑΜΠΙΑ                        ,F
ΖΑΝΝΗΣ                        ,M
ΖΑΡΙΦΗΣ                       ,M
ΖΑΦΕΙΡΑ                       ,F
ΖΑΦΕΙΡΙΑ                      ,F
ΖΑΦΕΙΡΙΟΣ                     ,M
ΖΑΦΕΙΡΟΥΛΑ                    ,F
ΖΑΦΕΙΡΩ                       ,F
ΖΑΧΑΡΕΝΙΑ                     ,F
ΖΑΧΑΡΙΑΣ                      ,M
ΖΑΧΑΡΟΥΛΑ                     ,F
ΖΑΧΑΡΩ                        ,F
ΖΗΝΟΒΙΑ                       ,F
ΖΗΝΩΝ                         ,M
ΖΗΣΗΣ                         ,M
ΖΗΣΙΜΟΣ                       ,M
ΖΟΥΜΠΟΥΛΙΑ                    ,F
ΖΩΓΡΑΦΙΑ                      ,F
ΖΩΓΡΑΦΩ                       ,F
ΖΩΗ                           ,F
ΗΒΗ                           ,F
ΗΛΕΚΤΡΑ                       ,F
ΗΛΙΑ                          ,F
ΗΛΙΑΔΑ                        ,F
ΗΛΙΑΝΑ                        ,F
ΗΛΙΑΝΗ                        ,F
ΗΛΙΑΝΝΑ                       ,F
ΗΛΙΑΣ                         ,M
ΗΡΑ                           ,F
ΗΡΑΚΛΗΣ                       ,M
ΗΡΩ                           ,F
ΗΣΑΪΑ                         ,F
ΘΑΛΕΙΑ                        ,F
ΘΕΑΝΩ                         ,F
ΘΕΚΛΑ                         ,F
ΘΕΛΞΙΟΠΗ                      ,F
ΘΕΜΙΣ                         ,F
ΘΕΜΙΣΤΟΚΛΗΣ                   ,M
ΘΕΟΓΝΩΣΙΑ                     ,F
ΘΕΟΔΟΣΙΑ                      ,F
ΘΕΟΔΟΣΙΟΣ                     ,M
ΘΕΟΔΟΤΑ                       ,F
ΘΕΟΔΟΤΗ                       ,F
ΘΕΟΔΟΥΛΑ                      ,F
ΘΕΟΔΟΥΛΗ                      ,F
ΘΕΟΔΩΡΑ                       ,F
ΘΕΟΔΩΡΟΣ                      ,M
ΘΕΟΔΩΡΟΥΛΑ                    ,F
ΘΕΟΚΛΕΙΑ                      ,F
ΘΕΟΚΛΗΤΟΣ                     ,M
ΘΕΟΚΤΙΣΤΗ                     ,F
ΘΕΟΛΟΓΙΑ                      ,F
ΘΕΟΛΟΓΟΣ                      ,M
ΘΕΟΝΙΑ                        ,F
ΘΕΟΝΙΤΣΑ                      ,F
ΘΕΟΝΥΜΦΗ                      ,F
ΘΕΟΠΙΣΤΗ                      ,F
ΘΕΟΠΟΥΛΑ                      ,F
ΘΕΟΦΑΝΕΙΑ                     ,F
ΘΕΟΦΑΝΗ                       ,F
ΘΕΟΦΑΝΗΣ                      ,M
ΘΕΟΦΑΝΙΑ                      ,F
ΘΕΟΦΑΝΩ                       ,F
ΘΕΟΦΙΛΗ                       ,F
ΘΕΟΦΙΛΟΣ                      ,M
ΘΕΟΦΥΛΑΚΤΟΣ                   ,M
ΘΕΟΧΑΡΗ                       ,F
ΘΕΟΧΑΡΗΣ                      ,M
ΘΕΟΧΑΡΙΣ                      ,F
ΘΕΟΧΑΡΟΥΛΑ                    ,F
ΘΕΣΣΑΛΟΝΙΚΗ                   ,F
ΘΕΩΝΗ                         ,F
ΘΗΡΕΣΙΑ                       ,F
ΘΙΣΒΗ                         ,F
ΘΡΑΣΥΒΟΥΛΟΣ                   ,M
ΘΩΜΑΗ                         ,F
ΘΩΜΑΪΣ                        ,F
ΘΩΜΑΣ                         ,M
ΘΩΜΗ                          ,F
ΙΑΚΩΒΟΣ                       ,M
ΙΑΝΘΗ                         ,F
ΙΑΣΩΝ                         ,M
ΙΒΕΛΙΝΑ                       ,F
ΙΓΝΑΤΙΑ                       ,F
ΙΓΝΑΤΙΟΣ                      ,M
ΙΕΡΟΘΕΟΣ                      ,M
ΙΚΑΡΟΣ                        ,M
ΙΛΕΑΝΑ                        ,F
ΙΛΙΑΔΑ                        ,F
ΙΛΙΑΝΑ                        ,F
ΙΟΚΑΣΤΗ                       ,F
ΙΟΡΔΑΝΑ                       ,F
ΙΟΡΔΑΝΗΣ                      ,M
ΙΟΥΛΙΑ                        ,F
ΙΟΥΛΙΟΣ                       ,M
ΙΟΥΛΙΤΤΑ                      ,F
ΙΠΠΟΚΡΑΤΗΣ                    ,M
ΙΠΠΟΛΥΤΗ                      ,F
ΙΡΙΣ                          ,F
ΙΣΑΑΚ                         ,M
ΙΣΑΒΕΛΛΑ                      ,F
ΙΣΙΔΩΡΑ                       ,F
ΙΣΙΔΩΡΟΣ                      ,M
ΙΣΜΗΝΗ                        ,F
ΙΦΙΓΕΝΕΙΑ                     ,F
ΙΩΑΚΕΙΜ                       ,M
ΙΩΑΝΝΑ                        ,F
ΙΩΑΝΝΗΣ                       ,M
ΙΩΝ                           ,M
ΙΩΣΗΦ                         ,M
ΚΑΔΙΑΝΗ                       ,F
ΚΑΘΟΛΙΚΗ                      ,F
ΚΑΙΤΗ                         ,F
ΚΑΛΗ                          ,F
ΚΑΛΛΙΑΝΘΗ                     ,F
ΚΑΛΛΙΝΑ                       ,F
ΚΑΛΛΙΟΠΗ                      ,F
ΚΑΛΛΙΡΡΟΗ                     ,F
ΚΑΛΛΙΣΘΕΝΗ                    ,F
ΚΑΛΟΜΟΙΡΑ                     ,F
ΚΑΛΟΥΔΑ                       ,F
ΚΑΛΥΨΩ                        ,F
ΚΑΝΕΛΛΑ                       ,F
ΚΑΝΕΛΛΟΣ                      ,M
ΚΑΡΜΕΝ                        ,F
ΚΑΡΟΛΙΝΑ                      ,F
ΚΑΡΟΛΟΣ                       ,M
ΚΑΡΥΟΦΥΛΛΗΣ                   ,M
ΚΑΡΥΟΦΥΛΛΙΑ                   ,F
ΚΑΣΣΑΝΔΡΑ                     ,F
ΚΑΣΣΙΑΝΗ                      ,F
ΚΑΤΙΝΑ                        ,F
ΚΕΡΑΣΑ                        ,F
ΚΕΡΑΣΙΑ                       ,F
ΚΕΡΑΣΙΝΑ                      ,F
ΚΕΡΑΣΟΥΛΑ                     ,F
ΚΗΡΥΚΟΣ                       ,M
ΚΙΚΗ                          ,F
ΚΙΜΩΝ                         ,M
ΚΛΑΙΡΗ                        ,F
ΚΛΕΑΝΘΗ                       ,F
ΚΛΕΑΝΘΗΣ                      ,M
ΚΛΕΑΡΧΟΣ                      ,M
ΚΛΕΙΩ                         ,F
ΚΛΕΟΒΟΥΛΟΣ                    ,M
ΚΛΕΟΜΕΝΗΣ                     ,M
ΚΛΕΟΝΙΚΗ                      ,F
ΚΛΕΟΠΑΤΡΑ                     ,F
ΚΛΕΩΝ                         ,M
ΚΛΗΜΕΝΤΙΝΗ                    ,F
ΚΛΗΜΗΣ                        ,M
ΚΛΥΤΑΙΜΝΗΣΤΡΑ                 ,F
ΚΟΜΝΗΝΟΣ                      ,M
ΚΟΜΝΩ                         ,F
ΚΟΝΔΥΛΕΝΙΑ                    ,F
ΚΟΝΔΥΛΙΑ                      ,F
ΚΟΝΔΥΛΙΑ ΜΑΡΙΑ                ,F
ΚΟΡΑΛΙΑ                       ,F
ΚΟΡΙΝΑ                        ,F
ΚΟΡΙΝΝΑ                       ,F
ΚΟΡΝΗΛΙΑ                      ,F
ΚΟΡΝΗΛΙΟΣ                     ,M
ΚΟΣΜΑΣ                        ,M
ΚΡΙΣΤΙ                        ,F
ΚΡΟΥΣΤΑΛΕΝΙΑ                  ,F
ΚΡΥΣΤΑΛΙΑ                     ,F
ΚΡΥΣΤΑΛΛΕΝΙΑ                  ,F
ΚΡΥΣΤΑΛΛΗ                     ,F
ΚΡΥΣΤΑΛΛΙΑ                    ,F
ΚΡΥΣΤΑΛΛΩ                     ,F
ΚΥΒΕΛΗ                        ,F
ΚΥΠΑΡΙΣΣΙΑ                    ,F
ΚΥΡΑ                          ,F
ΚΥΡΑΝΝΑ                       ,F
ΚΥΡΑΤΣΩ                       ,F
ΚΥΡΙΑΖΗΣ                      ,M
ΚΥΡΙΑΚΗ                       ,F
ΚΥΡΙΑΚΟΣ                      ,M
ΚΥΡΙΛΛΟΣ                      ,M
ΚΥΡΟΣ                         ,M
ΚΩΝΣΤΑΝΤΙΑ                    ,F
ΚΩΝΣΤΑΝΤΙΝΑ                   ,F
ΚΩΝΣΤΑΝΤΙΝΗ                   ,F
ΚΩΝΣΤΑΝΤΙΝΙΑ                  ,F
ΚΩΝΣΤΑΝΤΙΝΟΣ                  ,M
ΚΩΝΣΤΑΝΤΟΥΛΑ                  ,F
ΚΩΣΤΟΥΛΑ                      ,F
ΛΑΖΑΡΟΣ                       ,M
ΛΑΜΠΡΑΚΗΣ                     ,M
ΛΑΜΠΡΙΑΝΑ                     ,F
ΛΑΜΠΡΙΝΗ                      ,F
ΛΑΜΠΡΟΣ                       ,M
ΛΑΟΥΡΑ                        ,F
ΛΑΣΚΑΡΙΝΑ                     ,F
ΛΑΥΡΕΝΤΙΑ                     ,F
ΛΑΥΡΕΝΤΙΟΣ                    ,M
ΛΕΑΝΔΡΟΣ                      ,M
ΛΕΪΛΑ                         ,F
ΛΕΛΟΥΔΑ                       ,F
ΛΕΜΟΝΙΑ                       ,F
ΛΕΟΝΑΡΔΟΣ                     ,M
ΛΕΥΚΗ                         ,F
ΛΕΥΚΟΘΕΑ                      ,F
ΛΕΩΝΙΔΑΣ                      ,M
ΛΗΔΑ                          ,F
ΛΗΤΩ                          ,F
ΛΙΛΙΑΝΑ                       ,F
ΛΙΝΑ                          ,F
ΛΟΥΪΖΑ                        ,F
ΛΟΥΚΑΣ                        ,M
ΛΟΥΚΙΑ                        ,F
ΛΟΥΛΟΥΔΙΑ                     ,F
ΛΥΓΕΡΗ                        ,F
ΛΥΔΙΑ                         ,F
ΛΥΚΟΥΡΓΟΣ                     ,M
ΜΑΓΔΑΛΗΝΗ                     ,F
ΜΑΓΙΟΥΛΑ                      ,F
ΜΑΙΡΗ                         ,F
ΜΑΚΑΡΙΟΣ                      ,M
ΜΑΚΡΙΝΑ                       ,F
ΜΑΛΑΜΑ                        ,F
ΜΑΛΑΜΑΤΕΝΙΑ                   ,F
ΜΑΛΑΜΑΤΗ                      ,F
ΜΑΛΑΜΩ                        ,F
ΜΑΛΒΙΝΑ                       ,F
ΜΑΝΘΑ                         ,F
ΜΑΝΙΑ                         ,F
ΜΑΝΟΥΕΛΑ                      ,F
ΜΑΝΟΥΣΟΣ                      ,M
ΜΑΝΩΛΙΑ                       ,F
ΜΑΡΓΑΡΙΤΑ                     ,F
ΜΑΡΓΑΡΙΤΗΣ                    ,M
ΜΑΡΓΑΡΩ                       ,F
ΜΑΡΓΙΤΣΑ                      ,F
ΜΑΡΘΑ                         ,F
ΜΑΡΙ                          ,F
ΜΑΡΙΑ                         ,F
ΜΑΡΙΓΟΥΛΑ                     ,F
ΜΑΡΙΓΩ                        ,F
ΜΑΡΙΕΤΤΑ                      ,F
ΜΑΡΙΚΑ                        ,F
ΜΑΡΙΛΕΝΑ                      ,F
ΜΑΡΙΝΑ                        ,F
ΜΑΡΙΝΟΣ                       ,M
ΜΑΡΙΟ                         ,M
ΜΑΡΙΟΣ                        ,M
ΜΑΡΚΕΛΛΑ                      ,F
ΜΑΡΚΟΣ                        ,M
ΜΑΡΟΥΔΑ                       ,F
ΜΑΡΟΥΔΙΑ                      ,F
ΜΑΡΟΥΛΑ                       ,F
ΜΑΡΟΥΛΗ                       ,F
ΜΑΡΟΥΛΙΑ                      ,F
ΜΑΡΟΥΛΙΩ                      ,F
ΜΑΡΟΥΣΑ                       ,F
ΜΑΡΩ                          ,F
ΜΑΤΘΑΙΟΣ                      ,M
ΜΑΤΙΝΑ                        ,F
ΜΑΤΟΥΛΑ                       ,F
ΜΑΥΡΑ                         ,F
ΜΑΥΡΕΤΑ                       ,F
ΜΑΥΡΟΥΔΗΣ                     ,M
ΜΕΛΑΝΘΙΑ                      ,F
ΜΕΛΑΝΙΑ                       ,F
ΜΕΛΑΧΡΟΙΝΗ                    ,F
ΜΕΛΕΤΙΟΣ                      ,M
ΜΕΛΙΝΑ                        ,F
ΜΕΛΠΟΜΕΝΗ                     ,F
ΜΕΝΕΛΑΟΣ                      ,M
ΜΕΝΕΞΙΑ                       ,F
ΜΕΡΚΟΥΡΙΟΣ                    ,M
ΜΕΡΟΠΗ                        ,F
ΜΕΡΣΙΝΑ                       ,F
ΜΕΡΣΙΝΗ                       ,F
ΜΕΤΑΜΟΡΦΗ                     ,F
ΜΕΤΑΞΕΝΙΑ                     ,F
ΜΕΤΑΞΙΑ                       ,F
ΜΕΤΑΞΟΥΛΑ                     ,F
ΜΗΛΙΑ                         ,F
ΜΗΝΑ                          ,F
ΜΗΝΑΣ                         ,M
ΜΗΤΡΟΔΩΡΑ                     ,F
ΜΙΚΑΕΛΑ                       ,F
ΜΙΛΤΙΑΔΗΣ                     ,M
ΜΙΝΑ                          ,F
ΜΙΡΑΝΤΑ                       ,F
ΜΙΧΑΕΛΑ                       ,F
ΜΙΧΑΗΛ                        ,M
ΜΙΧΑΛΙΑ                       ,F
ΜΙΧΑΛΙΤΣΑ                     ,F
ΜΟΝΙΚΑ                        ,F
ΜΟΡΦΟΥΛΑ                      ,F
ΜΟΣΧΟΣ                        ,M
ΜΟΣΧΟΥΛΑ                      ,F
ΜΠΕΤΙΝΑ                       ,F
ΜΥΡΟΠΗ                        ,F
ΜΥΡΟΦΟΡΑ                      ,F
ΜΥΡΣΙΝΗ                       ,F
ΜΥΡΤΩ                         ,F
ΜΥΡΩΝ                         ,M
ΜΩΥΣΗΣ                        ,M
ΝΑΚΟΣ                         ,M
ΝΑΝΤΙΑ                        ,F
ΝΑΟΥΜ                         ,M
ΝΑΠΟΛΕΩΝ                      ,M
ΝΑΤΑΛΙΑ                       ,F
ΝΑΤΑΣΑ                        ,F
ΝΑΥΣΙΚΑ                       ,F
ΝΕΚΤΑΡΙΑ                      ,F
ΝΕΚΤΑΡΙΟΣ                     ,M
ΝΕΟΚΛΗΣ                       ,M
ΝΕΟΦΥΤΟΣ                      ,M
ΝΕΡΑΝΤΖΟΥΛΑ                   ,F
ΝΕΣΤΟΡΑΣ                      ,M
ΝΕΣΤΩΡ                        ,M
ΝΕΦΕΛΗ                        ,F
ΝΙΚΗ                          ,F
ΝΙΚΗΤΑΣ                       ,M
ΝΙΚΟΔΗΜΟΣ                     ,M
ΝΙΚΟΛ                         ,F
ΝΙΚΟΛΑΟΣ                      ,M
ΝΙΚΟΛΕΤΑ                      ,F
ΝΙΚΟΛΕΤΤΑ                     ,F
ΝΙΚΟΛΙΑ                       ,F
ΝΙΚΟΛΙΝΑ                      ,F
ΝΙΚΟΛΙΤΣΑ                     ,F
ΝΙΝΑ                          ,F
ΝΙΟΒΗ                         ,F
ΝΟΜΙΚΗ                        ,F
ΝΟΡΑ                          ,F
ΝΤΙΑΝΑ                        ,F
ΝΤΙΝΑ                         ,F
ΞΑΚΟΥΣΤΗ                      ,F
ΞΑΝΘΗ                         ,F
ΞΑΝΘΙΠΠΗ                      ,F
ΞΑΝΘΟΥΛΑ                      ,F
ΞΕΝΗ                          ,F
ΞΕΝΙΑ                         ,F
ΞΕΝΟΦΩΝ                       ,M
ΟΔΥΣΣΕΑΣ                      ,M
ΟΘΩΝ                          ,M
ΟΛΓΑ                          ,F
ΟΛΥΜΠΙΑ                       ,F
ΟΜΗΡΟΣ                        ,M
ΟΜΟΡΦΟΥΛΑ                     ,F
ΟΝΟΥΦΡΙΟΣ                     ,M
ΟΡΕΣΤΗΣ                       ,M
ΟΡΣΑΛΙΑ                       ,F
ΟΡΣΙΑ                         ,F
ΟΡΧΑΝ                         ,M
ΟΣΙΑ                          ,F
ΟΥΡΑΝΙΑ                       ,F
ΠΑΓΩΝΑ                        ,F
ΠΑΪΚΟΣ                        ,M
ΠΑΪΣΙΟΣ                       ,M
ΠΑΝΑΓΙΟΥΛΑ                    ,F
ΠΑΝΑΓΙΩ                       ,F
ΠΑΝΑΓΙΩΤΑ                     ,F
ΠΑΝΑΓΙΩΤΗΣ                    ,M
ΠΑΝΑΓΟΥΛΑ                     ,F
ΠΑΝΔΩΡΑ                       ,F
ΠΑΝΤΑΖΗΣ                      ,M
ΠΑΝΤΕΛΗΣ                      ,M
ΠΑΝΤΕΛΙΑ                      ,F
ΠΑΝΤΕΛΙΤΣΑ                    ,F
ΠΑΝΤΩ                         ,F
ΠΑΝΩΡΑΙΑ                      ,F
ΠΑΝΩΡΕΑ                       ,F
ΠΑΡΑΣΚΕΥΑΣ                    ,M
ΠΑΡΑΣΚΕΥΗ                     ,F
ΠΑΡΑΣΧΟΣ                      ,M
ΠΑΡΕΣΑ                        ,F
ΠΑΡΘΕΝΑ                       ,F
ΠΑΡΘΕΝΙΑ                      ,F
ΠΑΡΘΕΝΟΠΗ                     ,F
ΠΑΡΙΣ                         ,M
ΠΑΡΜΕΝΙΩΝ                     ,M
ΠΑΣΧΑΛΗΣ                      ,M
ΠΑΣΧΑΛΙΑ                      ,F
ΠΑΣΧΑΛΙΝΑ                     ,F
ΠΑΣΧΑΛΙΩ                      ,F
ΠΑΤΡΑ                         ,F
ΠΑΤΡΙΤΣΙΑ                     ,F
ΠΑΤΡΟΚΛΟΣ                     ,M
ΠΑΤΡΟΥΛΑ                      ,F
ΠΑΥΛΙΝΑ                       ,F
ΠΑΥΛΟΣ                        ,M
ΠΕΛΑΓΙΑ                       ,F
ΠΕΛΟΠΙΔΑΣ                     ,M
ΠΕΡΙΚΛΗΣ                      ,M
ΠΕΡΙΣΤΕΡΑ                     ,F
ΠΕΡΣΑ                         ,F
ΠΕΡΣΕΦΟΝΗ                     ,F
ΠΕΤΡΙΝΑ                       ,F
ΠΕΤΡΙΝΗ                       ,F
ΠΕΤΡΟΣ                        ,M
ΠΕΤΡΟΥΛΑ                      ,F
ΠΗΓΗ                          ,F
ΠΗΝΕΛΟΠΗ                      ,F
ΠΙΠΙΝΑ                        ,F
ΠΙΠΙΤΣΑ                       ,F
ΠΛΟΥΜΙΣΤΗ                     ,F
ΠΟΘΗΤΗ                        ,F
ΠΟΛΥΒΙΟΣ                      ,M
ΠΟΛΥΔΩΡΟΣ                     ,M
ΠΟΛΥΖΩΗΣ                      ,M
ΠΟΛΥΚΑΡΠΟΣ                    ,M
ΠΟΛΥΜΝΙΑ                      ,F
ΠΟΛΥΝΕΙΚΗΣ                    ,M
ΠΟΛΥΝΙΚΗ                      ,F
ΠΟΛΥΞΕΝΗ                      ,F
ΠΟΛΥΤΙΜΗ                      ,F
ΠΟΛΥΧΡΟΝΗΣ                    ,M
ΠΟΛΥΧΡΟΝΙΑ                    ,F
ΠΟΥΛΙΑ                        ,F
ΠΟΥΛΧΕΡΙΑ                     ,F
ΠΡΕΣΒΕΙΑ                      ,F
ΠΡΟΔΡΟΜΟΣ                     ,M
ΠΡΟΚΟΠΙΟΣ                     ,M
ΠΥΘΑΓΟΡΑΣ                     ,M
ΠΥΡΡΟΣ                        ,M
ΠΩΛΙΝΑ                        ,F
ΡΑΛΛΗΣ                        ,M
ΡΑΛΛΟΥ                        ,F
ΡΑΦΑΕΛΑ                       ,F
ΡΑΦΑΗΛ                        ,M
ΡΑΧΗΛ                         ,F
ΡΕΑ                           ,F
ΡΕΒΕΚΚΑ                       ,F
ΡΕΓΓΙΝΑ                       ,F
ΡΕΝΑ                          ,F
ΡΗΓΑΣ                         ,M
ΡΗΓΙΝΑ                        ,F
ΡΙΖΟΣ                         ,M
ΡΟΒΕΡΤΟΣ                      ,M
ΡΟΔΑΜΑΝΘΗ                     ,F
ΡΟΔΑΝΘΗ                       ,F
ΡΟΔΗ                          ,F
ΡΟΔΙΑ                         ,F
ΡΟΔΟΘΕΑ                       ,F
ΡΟΔΟΠΗ                        ,F
ΡΟΔΟΥΛΑ                       ,F
ΡΟΖΑ                          ,F
ΡΟΖΑΛΙΑ                       ,F
ΡΟΖΑΝΑ                        ,F
ΡΟΖΑΝΝΑ                       ,F
ΡΟΖΙΝΑ                        ,F
ΡΟΪΔΩ                         ,F
ΡΟΥΛΑ                         ,F
ΡΟΥΜΠΙΝΑ                      ,F
ΡΟΥΜΠΙΝΗ                      ,F
ΡΟΥΣΑ                         ,F
ΡΩΞΑΝΗ                        ,F
ΣΑΒΒΑΣ                        ,M
ΣΑΒΒΑΤΟΥΛΑ                    ,F
ΣΑΒΒΑΤΩ                       ,F
ΣΑΒΒΙΝΑ                       ,F
ΣΑΒΒΟΥΛΑ                      ,F
ΣΑΒΙΝΑ                        ,F
ΣΑΛΩΜΗ                        ,F
ΣΑΜΨΩΝ                        ,M
ΣΑΠΦΩ                         ,F
ΣΑΡΑ                          ,F
ΣΕΒΑΣΜΙΑ                      ,F
ΣΕΒΑΣΤΗ                       ,F
ΣΕΒΑΣΤΙΑ                      ,F
ΣΕΛΗΝΗ                        ,F
ΣΕΜΕΛΗ                        ,F
ΣΕΡΑΦΕΙΜ                      ,M
ΣΕΡΓΙΟΣ                       ,M
ΣΗΜΕΛΑ                        ,F
ΣΙΔΕΡΗ                        ,F
ΣΙΔΕΡΟΥΛΑ                     ,F
ΣΙΛΒΕΣΤΡΟΣ                    ,M
ΣΙΜΕΛΑ                        ,F
ΣΙΜΟΝΗ                        ,F
ΣΙΜΩΝ                         ,M
ΣΙΝΑΝ                         ,M
ΣΜΑΡΑΓΔΑ                      ,F
ΣΜΑΡΑΓΔΗ                      ,F
ΣΜΑΡΑΓΔΩ                      ,F
ΣΜΑΡΟΥΛΑ                      ,F
ΣΜΑΡΩ                         ,F
ΣΟΛΩΝ                         ,M
ΣΟΝΙΑ                         ,F
ΣΟΥΖΑΝΑ                       ,F
ΣΟΥΛΤΑΝΑ                      ,F
ΣΟΥΜΕΛΑ                       ,F
ΣΟΥΣΑΝΑ                       ,F
ΣΟΥΣΑΝΝΑ                      ,F
ΣΟΥΣΣΑΝΑ                      ,F
ΣΟΦΙΑ                         ,F
ΣΟΦΟΚΛΗΣ                      ,M
ΣΠΗΛΙΟΣ                       ,M
ΣΠΥΡΙΔΟΥΛΑ                    ,F
ΣΠΥΡΙΔΩΝ                      ,M
ΣΤΑΘΟΥΛΑ                      ,F
ΣΤΑΜΑΤΑ                       ,F
ΣΤΑΜΑΤΕΛΛΑ                    ,F
ΣΤΑΜΑΤΙΑ                      ,F
ΣΤΑΜΑΤΙΚΗ                     ,F
ΣΤΑΜΑΤΙΝΑ                     ,F
ΣΤΑΜΑΤΙΟΣ                     ,M
ΣΤΑΜΑΤΟΥΛΑ                    ,F
ΣΤΑΜΟΥΛΗΣ                     ,M
ΣΤΑΜΩ                         ,F
ΣΤΑΣΙΝΗ                       ,F
ΣΤΑΥΡΙΑΝΗ                     ,F
ΣΤΑΥΡΙΤΣΑ                     ,F
ΣΤΑΥΡΟΣ                       ,M
ΣΤΑΥΡΟΥΛΑ                     ,F
ΣΤΕΛΛΑ                        ,F
ΣΤΕΡΓΙΑ                       ,F
ΣΤΕΡΓΙΑΝΗ                     ,F
ΣΤΕΡΓΙΑΝΝΗ                    ,F
ΣΤΕΡΓΙΟΣ                      ,M
ΣΤΕΡΓΟΥΛΑ                     ,F
ΣΤΕΡΙΑΝΗ                      ,F
ΣΤΕΦΑΝΙΑ                      ,F
ΣΤΕΦΑΝΟΣ                      ,M
ΣΤΡΑΤΗΓΟΥΛΑ                   ,F
ΣΤΥΛΙΑΝΗ                      ,F
ΣΤΥΛΙΑΝΟΣ                     ,M
ΣΥΛΒΑΝΑ                       ,F
ΣΥΛΒΙΑ                        ,F
ΣΥΜΕΛΑ                        ,F
ΣΥΜΕΩΝ                        ,M
ΣΥΝΟΔΗ                        ,F
ΣΥΡΜΑΤΕΝΙΑ                    ,F
ΣΥΡΜΟΥΛΑ                      ,F
ΣΥΡΜΩ                         ,F
ΣΩΖΙΑ                         ,F
ΣΩΚΡΑΤΗΣ                      ,M
ΣΩΣΑΝΑ                        ,F
ΣΩΣΑΝΝΑ                       ,F
ΣΩΤΗΡΑ                        ,F
ΣΩΤΗΡΙΑ                       ,F
ΣΩΤΗΡΙΟΣ                      ,M
ΣΩΦΡΟΝΙΑ                      ,F
ΤΑΜΑΡΑ                        ,F
ΤΑΝΙΑ                         ,F
ΤΑΞΙΑΡΧΗΣ                     ,M
ΤΑΞΙΑΡΧΟΥΛΑ                   ,F
ΤΑΡΣΙΤΣΑ                      ,F
ΤΑΤΙΑΝΑ                       ,F
ΤΑΤΙΑΝΗ                       ,F
ΤΕΡΕΖΑ                        ,F
ΤΕΡΨΙΘΕΑ                      ,F
ΤΕΡΨΙΧΟΡΗ                     ,F
ΤΖΕΝΗ                         ,F
ΤΖΟΓΙΑ                        ,F
ΤΖΟΥΛΙΑ                       ,F
ΤΗΛΕΜΑΧΟΣ                     ,M
ΤΙΜΟΘΕΟΣ                      ,M
ΤΙΜΟΛΕΩΝ                      ,M
ΤΙΤΙΚΑ                        ,F
ΤΙΤΟΣ                         ,M
ΤΟΥΛΑ                         ,F
ΤΡΑΪΑΝΗ                       ,F
ΤΡΙΑΔΑ                        ,F
ΤΡΙΑΝΤΑΦΥΛΛΗ                  ,F
ΤΡΙΑΝΤΑΦΥΛΛΙΑ                 ,F
ΤΡΙΑΝΤΑΦΥΛΛΟΣ                 ,M
ΤΡΙΓΩΝΑ                       ,F
ΤΡΙΣΕΥΓΕΝΗ                    ,F
ΤΡΥΓΩΝΑ                       ,F
ΤΡΥΦΩΝ                        ,M
ΤΣΑΜΠΙΚΑ                      ,F
ΤΣΑΜΠΙΚΟΣ                     ,M
ΥΠΑΠΑΝΤΗ                      ,F
ΥΠΑΤΙΑ                        ,F
ΦΑΙΔΡΑ                        ,F
ΦΑΙΔΩΝ                        ,M
ΦΑΝΗ                          ,F
ΦΑΝΟΥΛΑ                       ,F
ΦΑΝΟΥΡΙΟΣ                     ,M
ΦΕΒΡΩΝΙΑ                      ,F
ΦΕΡΕΝΙΚΗ                      ,F
ΦΙΛΑΝΘΗ                       ,F
ΦΙΛΑΡΕΤΗ                      ,F
ΦΙΛΗΜΩΝ                       ,M
ΦΙΛΙΑ                         ,F
ΦΙΛΙΠΠΙΑ                      ,F
ΦΙΛΙΠΠΟΣ                      ,M
ΦΙΛΙΣΙΑ                       ,F
ΦΙΛΙΤΣΑ                       ,F
ΦΙΛΙΩ                         ,F
ΦΙΛΟΘΕΗ                       ,F
ΦΙΛΟΜΕΝΗ                      ,F
ΦΙΛΟΜΗΛΑ                      ,F
ΦΙΛΟΠΟΙΜΗΝ                    ,M
ΦΛΩΡΑ                         ,F
ΦΛΩΡΕΝΤΙΑ                     ,F
ΦΛΩΡΙΝΑ                       ,F
ΦΟΙΒΗ                         ,F
ΦΟΙΒΟΣ                        ,M
ΦΡΑΓΚΙΣΚΟΣ                    ,M
ΦΡΑΝΤΖΕΣΚΑ                    ,F
ΦΡΑΝΤΖΕΣΚΟΣ                   ,M
ΦΡΑΝΤΣΕΣΚΑ                    ,F
ΦΡΕΙΔΕΡΙΚΗ                    ,F
ΦΩΚΙΩΝ                        ,M
ΦΩΤΕΙΝΗ                       ,F
ΦΩΤΕΙΝΟΣ                      ,M
ΦΩΤΙΟΣ                        ,M
ΦΩΤΟΥΛΑ                       ,F
ΦΩΤΩ                          ,F
ΧΑΪΔΕΜΕΝΗ                     ,F
ΧΑΪΔΩ                         ,F
ΧΑΜΑΪΔΗ                       ,F
ΧΑΡΑ                          ,F
ΧΑΡΑΛΑΜΠΙΑ                    ,F
ΧΑΡΑΛΑΜΠΟΣ                    ,M
ΧΑΡΗΣ                         ,M
ΧΑΡΙΔΗΜΟΣ                     ,M
ΧΑΡΙΚΛΕΙΑ                     ,F
ΧΑΡΙΛΑΟΣ                      ,M
ΧΑΡΙΣ                         ,F
ΧΑΡΙΤΙΝΗ                      ,F
ΧΑΡΙΤΟΥΛΑ                     ,F
ΧΑΡΙΤΩ                        ,F
ΧΑΡΙΤΩΜΕΝΗ                    ,F
ΧΑΡΟΥΛΑ                       ,F
ΧΙΟΝΑ                         ,F
ΧΙΟΝΙΑ                        ,F
ΧΙΤΟΠΟΥΛΑ                     ,F
ΧΡΗΣΤΟΣ                       ,M
ΧΡΙΣΤΙΑΝΑ                     ,F
ΧΡΙΣΤΙΑΝΝΑ                    ,F
ΧΡΙΣΤΙΝΑ                      ,F
ΧΡΙΣΤΙΝΗ                      ,F
ΧΡΙΣΤΟΔΟΥΛΑ                   ,F
ΧΡΙΣΤΟΔΟΥΛΟΣ                  ,M
ΧΡΙΣΤΟΘΕΑ                     ,F
ΧΡΙΣΤΟΥΛΑ                     ,F
ΧΡΙΣΤΟΦΙΛΗ                    ,F
ΧΡΙΣΤΟΦΟΡΟΣ                   ,M
ΧΡΟΝΗΣ                        ,M
ΧΡΥΣΑ                         ,F
ΧΡΥΣΑΝΑ                       ,F
ΧΡΥΣΑΝΘΗ                      ,F
ΧΡΥΣΑΥΓΗ                      ,F
ΧΡΥΣΑΦΩ                       ,F
ΧΡΥΣΗ                         ,F
ΧΡΥΣΟΒΑΛΑΝΤΗ                  ,F
ΧΡΥΣΟΒΑΛΑΝΤΗΣ                 ,M
ΧΡΥΣΟΒΑΛΑΝΤΙΟΣ                ,M
ΧΡΥΣΟΒΑΛΑΝΤΟΥ                 ,F
ΧΡΥΣΟΒΑΛΑΝΤΩ                  ,F
ΧΡΥΣΟΒΕΡΓΗΣ                   ,M
ΧΡΥΣΟΘΕΑ                      ,F
ΧΡΥΣΟΠΗΓΗ                     ,F
ΧΡΥΣΟΣΤΟΜΗ                    ,F
ΧΡΥΣΟΣΤΟΜΟΣ                   ,M
ΧΡΥΣΟΥΛΑ                      ,F
ΧΡΥΣΩ                         ,F
ΩΡΑΙΑ                         ,F
ΩΡΑΙΟΖΗΛΗ                     ,F
